Unnamed: 0,image,classes,path
367,image/367.jpeg,bumper_dent,data/image/367.jpeg
589,image/589.jpeg,bumper_scratch,data/image/589.jpeg
831,image/831.jpeg,door_scratch,data/image/831.jpeg
558,image/558.jpeg,door_dent,data/image/558.jpeg
1111,image/1111.jpeg,glass_shatter,data/image/1111.jpeg
883,image/883.jpeg,door_scratch,data/image/883.jpeg
1466,image/1466.jpeg,head_lamp,data/image/1466.jpeg
719,image/719.jpeg,door_dent,data/image/719.jpeg
982,image/982.jpeg,tail_lamp,data/image/982.jpeg
723,image/723.jpeg,tail_lamp,data/image/723.jpeg
527,image/527.jpeg,head_lamp,data/image/527.jpeg
833,image/833.jpeg,door_dent,data/image/833.jpeg
233,image/233.jpeg,door_dent,data/image/233.jpeg
1186,image/1186.jpeg,bumper_dent,data/image/1186.jpeg
360,image/360.jpeg,door_dent,data/image/360.jpeg
449,image/449.jpeg,bumper_dent,data/image/449.jpeg
368,image/368.jpeg,bumper_dent,data/image/368.jpeg
842,image/842.jpeg,glass_shatter,data/image/842.jpeg
459,image/459.jpeg,head_lamp,data/image/459.jpeg
56,image/56.jpeg,bumper_scratch,data/image/56.jpeg
531,image/531.jpeg,bumper_dent,data/image/531.jpeg
573,image/573.jpeg,bumper_scratch,data/image/573.jpeg
110,image/110.jpeg,bumper_dent,data/image/110.jpeg
956,image/956.jpeg,door_scratch,data/image/956.jpeg
513,image/513.jpeg,bumper_dent,data/image/513.jpeg
742,image/742.jpeg,door_dent,data/image/742.jpeg
623,image/623.jpeg,head_lamp,data/image/623.jpeg
1350,image/1350.jpeg,door_dent,data/image/1350.jpeg
1219,image/1219.jpeg,door_dent,data/image/1219.jpeg
1057,image/1057.jpeg,door_dent,data/image/1057.jpeg
1459,image/1459.jpeg,door_dent,data/image/1459.jpeg
487,image/487.jpeg,head_lamp,data/image/487.jpeg
1107,image/1107.jpeg,head_lamp,data/image/1107.jpeg
1221,image/1221.jpeg,head_lamp,data/image/1221.jpeg
158,image/158.jpeg,door_dent,data/image/158.jpeg
1429,image/1429.jpeg,door_dent,data/image/1429.jpeg
634,image/634.jpeg,head_lamp,data/image/634.jpeg
1473,image/1473.jpeg,glass_shatter,data/image/1473.jpeg
14,image/14.jpeg,glass_shatter,data/image/14.jpeg
547,image/547.jpeg,head_lamp,data/image/547.jpeg
484,image/484.jpeg,glass_shatter,data/image/484.jpeg
977,image/977.jpeg,bumper_dent,data/image/977.jpeg
1151,image/1151.jpeg,tail_lamp,data/image/1151.jpeg
307,image/307.jpeg,bumper_dent,data/image/307.jpeg
1292,image/1292.jpeg,head_lamp,data/image/1292.jpeg
87,image/87.jpeg,bumper_dent,data/image/87.jpeg
1261,image/1261.jpeg,head_lamp,data/image/1261.jpeg
64,image/64.jpeg,tail_lamp,data/image/64.jpeg
754,image/754.jpeg,glass_shatter,data/image/754.jpeg
466,image/466.jpeg,glass_shatter,data/image/466.jpeg
1303,image/1303.jpeg,glass_shatter,data/image/1303.jpeg
455,image/455.jpeg,head_lamp,data/image/455.jpeg
203,image/203.jpeg,door_dent,data/image/203.jpeg
88,image/88.jpeg,door_dent,data/image/88.jpeg
551,image/551.jpeg,door_dent,data/image/551.jpeg
1004,image/1004.jpeg,tail_lamp,data/image/1004.jpeg
379,image/379.jpeg,head_lamp,data/image/379.jpeg
569,image/569.jpeg,glass_shatter,data/image/569.jpeg
1244,image/1244.jpeg,door_scratch,data/image/1244.jpeg
745,image/745.jpeg,door_dent,data/image/745.jpeg
888,image/888.jpeg,bumper_dent,data/image/888.jpeg
907,image/907.jpeg,bumper_scratch,data/image/907.jpeg
1352,image/1352.jpeg,door_dent,data/image/1352.jpeg
397,image/397.jpeg,bumper_dent,data/image/397.jpeg
393,image/393.jpeg,bumper_scratch,data/image/393.jpeg
1201,image/1201.jpeg,tail_lamp,data/image/1201.jpeg
837,image/837.jpeg,bumper_dent,data/image/837.jpeg
1213,image/1213.jpeg,door_scratch,data/image/1213.jpeg
966,image/966.jpeg,bumper_dent,data/image/966.jpeg
555,image/555.jpeg,glass_shatter,data/image/555.jpeg
1093,image/1093.jpeg,tail_lamp,data/image/1093.jpeg
1015,image/1015.jpeg,door_dent,data/image/1015.jpeg
1457,image/1457.jpeg,door_scratch,data/image/1457.jpeg
640,image/640.jpeg,door_scratch,data/image/640.jpeg
1136,image/1136.jpeg,tail_lamp,data/image/1136.jpeg
797,image/797.jpeg,head_lamp,data/image/797.jpeg
51,image/51.jpeg,door_scratch,data/image/51.jpeg
1444,image/1444.jpeg,head_lamp,data/image/1444.jpeg
875,image/875.jpeg,bumper_scratch,data/image/875.jpeg
414,image/414.jpeg,bumper_scratch,data/image/414.jpeg
425,image/425.jpeg,glass_shatter,data/image/425.jpeg
1400,image/1400.jpeg,tail_lamp,data/image/1400.jpeg
882,image/882.jpeg,bumper_dent,data/image/882.jpeg
1086,image/1086.jpeg,door_dent,data/image/1086.jpeg
1411,image/1411.jpeg,door_dent,data/image/1411.jpeg
520,image/520.jpeg,glass_shatter,data/image/520.jpeg
1503,image/1503.jpeg,tail_lamp,data/image/1503.jpeg
139,image/139.jpeg,door_scratch,data/image/139.jpeg
1397,image/1397.jpeg,door_dent,data/image/1397.jpeg
1038,image/1038.jpeg,door_scratch,data/image/1038.jpeg
350,image/350.jpeg,glass_shatter,data/image/350.jpeg
1131,image/1131.jpeg,tail_lamp,data/image/1131.jpeg
3,image/3.jpeg,head_lamp,data/image/3.jpeg
823,image/823.jpeg,head_lamp,data/image/823.jpeg
948,image/948.jpeg,bumper_dent,data/image/948.jpeg
1324,image/1324.jpeg,bumper_dent,data/image/1324.jpeg
590,image/590.jpeg,head_lamp,data/image/590.jpeg
1482,image/1482.jpeg,tail_lamp,data/image/1482.jpeg
341,image/341.jpeg,door_scratch,data/image/341.jpeg
953,image/953.jpeg,door_dent,data/image/953.jpeg
795,image/795.jpeg,door_scratch,data/image/795.jpeg
282,image/282.jpeg,head_lamp,data/image/282.jpeg
318,image/318.jpeg,head_lamp,data/image/318.jpeg
813,image/813.jpeg,bumper_scratch,data/image/813.jpeg
1240,image/1240.jpeg,tail_lamp,data/image/1240.jpeg
1166,image/1166.jpeg,bumper_dent,data/image/1166.jpeg
1300,image/1300.jpeg,glass_shatter,data/image/1300.jpeg
869,image/869.jpeg,door_scratch,data/image/869.jpeg
1498,image/1498.jpeg,head_lamp,data/image/1498.jpeg
698,image/698.jpeg,door_dent,data/image/698.jpeg
1283,image/1283.jpeg,tail_lamp,data/image/1283.jpeg
295,image/295.jpeg,bumper_scratch,data/image/295.jpeg
450,image/450.jpeg,door_dent,data/image/450.jpeg
244,image/244.jpeg,bumper_scratch,data/image/244.jpeg
1097,image/1097.jpeg,glass_shatter,data/image/1097.jpeg
1266,image/1266.jpeg,tail_lamp,data/image/1266.jpeg
1327,image/1327.jpeg,door_dent,data/image/1327.jpeg
787,image/787.jpeg,head_lamp,data/image/787.jpeg
1145,image/1145.jpeg,door_scratch,data/image/1145.jpeg
259,image/259.jpeg,door_dent,data/image/259.jpeg
1367,image/1367.jpeg,door_scratch,data/image/1367.jpeg
1481,image/1481.jpeg,door_scratch,data/image/1481.jpeg
375,image/375.jpeg,door_scratch,data/image/375.jpeg
626,image/626.jpeg,glass_shatter,data/image/626.jpeg
693,image/693.jpeg,bumper_dent,data/image/693.jpeg
133,image/133.jpeg,bumper_dent,data/image/133.jpeg
1495,image/1495.jpeg,door_scratch,data/image/1495.jpeg
448,image/448.jpeg,door_dent,data/image/448.jpeg
1340,image/1340.jpeg,bumper_dent,data/image/1340.jpeg
1216,image/1216.jpeg,door_dent,data/image/1216.jpeg
635,image/635.jpeg,door_scratch,data/image/635.jpeg
1445,image/1445.jpeg,tail_lamp,data/image/1445.jpeg
552,image/552.jpeg,head_lamp,data/image/552.jpeg
496,image/496.jpeg,glass_shatter,data/image/496.jpeg
1023,image/1023.jpeg,door_scratch,data/image/1023.jpeg
1339,image/1339.jpeg,bumper_scratch,data/image/1339.jpeg
521,image/521.jpeg,door_scratch,data/image/521.jpeg
844,image/844.jpeg,door_dent,data/image/844.jpeg
704,image/704.jpeg,head_lamp,data/image/704.jpeg
338,image/338.jpeg,door_scratch,data/image/338.jpeg
820,image/820.jpeg,door_dent,data/image/820.jpeg
603,image/603.jpeg,head_lamp,data/image/603.jpeg
1049,image/1049.jpeg,glass_shatter,data/image/1049.jpeg
1373,image/1373.jpeg,bumper_dent,data/image/1373.jpeg
97,image/97.jpeg,head_lamp,data/image/97.jpeg
627,image/627.jpeg,bumper_scratch,data/image/627.jpeg
1002,image/1002.jpeg,bumper_dent,data/image/1002.jpeg
86,image/86.jpeg,bumper_dent,data/image/86.jpeg
895,image/895.jpeg,head_lamp,data/image/895.jpeg
663,image/663.jpeg,glass_shatter,data/image/663.jpeg
1253,image/1253.jpeg,door_dent,data/image/1253.jpeg
526,image/526.jpeg,door_dent,data/image/526.jpeg
1277,image/1277.jpeg,bumper_scratch,data/image/1277.jpeg
12,image/12.jpeg,door_dent,data/image/12.jpeg
687,image/687.jpeg,door_scratch,data/image/687.jpeg
1129,image/1129.jpeg,glass_shatter,data/image/1129.jpeg
1287,image/1287.jpeg,door_scratch,data/image/1287.jpeg
1458,image/1458.jpeg,glass_shatter,data/image/1458.jpeg
1308,image/1308.jpeg,bumper_scratch,data/image/1308.jpeg
773,image/773.jpeg,head_lamp,data/image/773.jpeg
1347,image/1347.jpeg,door_dent,data/image/1347.jpeg
1345,image/1345.jpeg,glass_shatter,data/image/1345.jpeg
989,image/989.jpeg,glass_shatter,data/image/989.jpeg
208,image/208.jpeg,tail_lamp,data/image/208.jpeg
1028,image/1028.jpeg,tail_lamp,data/image/1028.jpeg
809,image/809.jpeg,door_scratch,data/image/809.jpeg
166,image/166.jpeg,door_dent,data/image/166.jpeg
436,image/436.jpeg,bumper_scratch,data/image/436.jpeg
457,image/457.jpeg,head_lamp,data/image/457.jpeg
1439,image/1439.jpeg,door_dent,data/image/1439.jpeg
879,image/879.jpeg,door_scratch,data/image/879.jpeg
707,image/707.jpeg,tail_lamp,data/image/707.jpeg
373,image/373.jpeg,glass_shatter,data/image/373.jpeg
1310,image/1310.jpeg,bumper_scratch,data/image/1310.jpeg
1224,image/1224.jpeg,glass_shatter,data/image/1224.jpeg
729,image/729.jpeg,door_scratch,data/image/729.jpeg
424,image/424.jpeg,tail_lamp,data/image/424.jpeg
1430,image/1430.jpeg,tail_lamp,data/image/1430.jpeg
200,image/200.jpeg,door_dent,data/image/200.jpeg
683,image/683.jpeg,glass_shatter,data/image/683.jpeg
1099,image/1099.jpeg,door_dent,data/image/1099.jpeg
159,image/159.jpeg,bumper_dent,data/image/159.jpeg
303,image/303.jpeg,door_dent,data/image/303.jpeg
847,image/847.jpeg,head_lamp,data/image/847.jpeg
874,image/874.jpeg,bumper_dent,data/image/874.jpeg
1323,image/1323.jpeg,door_scratch,data/image/1323.jpeg
900,image/900.jpeg,door_dent,data/image/900.jpeg
579,image/579.jpeg,head_lamp,data/image/579.jpeg
192,image/192.jpeg,door_dent,data/image/192.jpeg
574,image/574.jpeg,door_dent,data/image/574.jpeg
340,image/340.jpeg,bumper_scratch,data/image/340.jpeg
1095,image/1095.jpeg,door_scratch,data/image/1095.jpeg
801,image/801.jpeg,tail_lamp,data/image/801.jpeg
100,image/100.jpeg,door_dent,data/image/100.jpeg
607,image/607.jpeg,bumper_scratch,data/image/607.jpeg
1011,image/1011.jpeg,door_scratch,data/image/1011.jpeg
105,image/105.jpeg,door_scratch,data/image/105.jpeg
1079,image/1079.jpeg,bumper_dent,data/image/1079.jpeg
588,image/588.jpeg,door_dent,data/image/588.jpeg
1341,image/1341.jpeg,door_scratch,data/image/1341.jpeg
570,image/570.jpeg,head_lamp,data/image/570.jpeg
691,image/691.jpeg,tail_lamp,data/image/691.jpeg
1119,image/1119.jpeg,door_scratch,data/image/1119.jpeg
1365,image/1365.jpeg,bumper_dent,data/image/1365.jpeg
1260,image/1260.jpeg,head_lamp,data/image/1260.jpeg
1235,image/1235.jpeg,bumper_scratch,data/image/1235.jpeg
1364,image/1364.jpeg,bumper_dent,data/image/1364.jpeg
473,image/473.jpeg,tail_lamp,data/image/473.jpeg
592,image/592.jpeg,door_scratch,data/image/592.jpeg
148,image/148.jpeg,tail_lamp,data/image/148.jpeg
217,image/217.jpeg,door_dent,data/image/217.jpeg
1146,image/1146.jpeg,bumper_dent,data/image/1146.jpeg
1504,image/1504.jpeg,tail_lamp,data/image/1504.jpeg
1472,image/1472.jpeg,head_lamp,data/image/1472.jpeg
659,image/659.jpeg,door_dent,data/image/659.jpeg
968,image/968.jpeg,tail_lamp,data/image/968.jpeg
572,image/572.jpeg,door_scratch,data/image/572.jpeg
965,image/965.jpeg,door_dent,data/image/965.jpeg
1351,image/1351.jpeg,glass_shatter,data/image/1351.jpeg
840,image/840.jpeg,tail_lamp,data/image/840.jpeg
1402,image/1402.jpeg,door_dent,data/image/1402.jpeg
518,image/518.jpeg,tail_lamp,data/image/518.jpeg
221,image/221.jpeg,head_lamp,data/image/221.jpeg
609,image/609.jpeg,door_dent,data/image/609.jpeg
1203,image/1203.jpeg,door_dent,data/image/1203.jpeg
1362,image/1362.jpeg,glass_shatter,data/image/1362.jpeg
643,image/643.jpeg,door_dent,data/image/643.jpeg
1249,image/1249.jpeg,head_lamp,data/image/1249.jpeg
285,image/285.jpeg,tail_lamp,data/image/285.jpeg
181,image/181.jpeg,door_scratch,data/image/181.jpeg
868,image/868.jpeg,door_scratch,data/image/868.jpeg
212,image/212.jpeg,head_lamp,data/image/212.jpeg
1490,image/1490.jpeg,glass_shatter,data/image/1490.jpeg
598,image/598.jpeg,bumper_dent,data/image/598.jpeg
887,image/887.jpeg,head_lamp,data/image/887.jpeg
1320,image/1320.jpeg,bumper_dent,data/image/1320.jpeg
914,image/914.jpeg,bumper_dent,data/image/914.jpeg
1122,image/1122.jpeg,door_dent,data/image/1122.jpeg
1463,image/1463.jpeg,head_lamp,data/image/1463.jpeg
735,image/735.jpeg,door_scratch,data/image/735.jpeg
1171,image/1171.jpeg,bumper_dent,data/image/1171.jpeg
183,image/183.jpeg,bumper_dent,data/image/183.jpeg
434,image/434.jpeg,head_lamp,data/image/434.jpeg
1172,image/1172.jpeg,glass_shatter,data/image/1172.jpeg
26,image/26.jpeg,glass_shatter,data/image/26.jpeg
1227,image/1227.jpeg,door_scratch,data/image/1227.jpeg
1017,image/1017.jpeg,bumper_dent,data/image/1017.jpeg
1366,image/1366.jpeg,bumper_scratch,data/image/1366.jpeg
507,image/507.jpeg,glass_shatter,data/image/507.jpeg
46,image/46.jpeg,bumper_dent,data/image/46.jpeg
903,image/903.jpeg,tail_lamp,data/image/903.jpeg
728,image/728.jpeg,bumper_scratch,data/image/728.jpeg
1180,image/1180.jpeg,door_scratch,data/image/1180.jpeg
1325,image/1325.jpeg,glass_shatter,data/image/1325.jpeg
1039,image/1039.jpeg,tail_lamp,data/image/1039.jpeg
439,image/439.jpeg,bumper_scratch,data/image/439.jpeg
1010,image/1010.jpeg,glass_shatter,data/image/1010.jpeg
1007,image/1007.jpeg,glass_shatter,data/image/1007.jpeg
1085,image/1085.jpeg,tail_lamp,data/image/1085.jpeg
911,image/911.jpeg,glass_shatter,data/image/911.jpeg
253,image/253.jpeg,glass_shatter,data/image/253.jpeg
1196,image/1196.jpeg,tail_lamp,data/image/1196.jpeg
164,image/164.jpeg,bumper_dent,data/image/164.jpeg
334,image/334.jpeg,door_dent,data/image/334.jpeg
1134,image/1134.jpeg,bumper_scratch,data/image/1134.jpeg
595,image/595.jpeg,door_scratch,data/image/595.jpeg
453,image/453.jpeg,tail_lamp,data/image/453.jpeg
41,image/41.jpeg,bumper_dent,data/image/41.jpeg
378,image/378.jpeg,glass_shatter,data/image/378.jpeg
891,image/891.jpeg,door_scratch,data/image/891.jpeg
314,image/314.jpeg,head_lamp,data/image/314.jpeg
1493,image/1493.jpeg,head_lamp,data/image/1493.jpeg
385,image/385.jpeg,glass_shatter,data/image/385.jpeg
761,image/761.jpeg,glass_shatter,data/image/761.jpeg
1413,image/1413.jpeg,door_scratch,data/image/1413.jpeg
151,image/151.jpeg,door_dent,data/image/151.jpeg
376,image/376.jpeg,head_lamp,data/image/376.jpeg
390,image/390.jpeg,door_scratch,data/image/390.jpeg
863,image/863.jpeg,head_lamp,data/image/863.jpeg
223,image/223.jpeg,bumper_scratch,data/image/223.jpeg
156,image/156.jpeg,glass_shatter,data/image/156.jpeg
1401,image/1401.jpeg,door_scratch,data/image/1401.jpeg
1453,image/1453.jpeg,door_dent,data/image/1453.jpeg
811,image/811.jpeg,door_dent,data/image/811.jpeg
550,image/550.jpeg,door_dent,data/image/550.jpeg
485,image/485.jpeg,glass_shatter,data/image/485.jpeg
93,image/93.jpeg,door_dent,data/image/93.jpeg
488,image/488.jpeg,head_lamp,data/image/488.jpeg
1343,image/1343.jpeg,door_dent,data/image/1343.jpeg
1469,image/1469.jpeg,head_lamp,data/image/1469.jpeg
651,image/651.jpeg,tail_lamp,data/image/651.jpeg
1450,image/1450.jpeg,door_scratch,data/image/1450.jpeg
388,image/388.jpeg,head_lamp,data/image/388.jpeg
733,image/733.jpeg,door_dent,data/image/733.jpeg
354,image/354.jpeg,door_dent,data/image/354.jpeg
668,image/668.jpeg,head_lamp,data/image/668.jpeg
1020,image/1020.jpeg,bumper_dent,data/image/1020.jpeg
92,image/92.jpeg,bumper_dent,data/image/92.jpeg
1392,image/1392.jpeg,bumper_scratch,data/image/1392.jpeg
1103,image/1103.jpeg,door_dent,data/image/1103.jpeg
470,image/470.jpeg,tail_lamp,data/image/470.jpeg
564,image/564.jpeg,tail_lamp,data/image/564.jpeg
194,image/194.jpeg,door_dent,data/image/194.jpeg
1158,image/1158.jpeg,head_lamp,data/image/1158.jpeg
481,image/481.jpeg,tail_lamp,data/image/481.jpeg
323,image/323.jpeg,door_dent,data/image/323.jpeg
1009,image/1009.jpeg,head_lamp,data/image/1009.jpeg
124,image/124.jpeg,door_scratch,data/image/124.jpeg
884,image/884.jpeg,bumper_dent,data/image/884.jpeg
1179,image/1179.jpeg,head_lamp,data/image/1179.jpeg
995,image/995.jpeg,glass_shatter,data/image/995.jpeg
916,image/916.jpeg,bumper_dent,data/image/916.jpeg
320,image/320.jpeg,door_dent,data/image/320.jpeg
1113,image/1113.jpeg,tail_lamp,data/image/1113.jpeg
143,image/143.jpeg,head_lamp,data/image/143.jpeg
1135,image/1135.jpeg,bumper_dent,data/image/1135.jpeg
815,image/815.jpeg,bumper_dent,data/image/815.jpeg
870,image/870.jpeg,tail_lamp,data/image/870.jpeg
32,image/32.jpeg,door_scratch,data/image/32.jpeg
776,image/776.jpeg,bumper_scratch,data/image/776.jpeg
1306,image/1306.jpeg,head_lamp,data/image/1306.jpeg
850,image/850.jpeg,door_scratch,data/image/850.jpeg
510,image/510.jpeg,door_scratch,data/image/510.jpeg
969,image/969.jpeg,bumper_scratch,data/image/969.jpeg
934,image/934.jpeg,bumper_scratch,data/image/934.jpeg
1370,image/1370.jpeg,head_lamp,data/image/1370.jpeg
141,image/141.jpeg,glass_shatter,data/image/141.jpeg
1275,image/1275.jpeg,tail_lamp,data/image/1275.jpeg
794,image/794.jpeg,door_dent,data/image/794.jpeg
1386,image/1386.jpeg,door_dent,data/image/1386.jpeg
122,image/122.jpeg,door_dent,data/image/122.jpeg
933,image/933.jpeg,door_dent,data/image/933.jpeg
115,image/115.jpeg,door_scratch,data/image/115.jpeg
407,image/407.jpeg,door_dent,data/image/407.jpeg
576,image/576.jpeg,bumper_dent,data/image/576.jpeg
1358,image/1358.jpeg,bumper_dent,data/image/1358.jpeg
1162,image/1162.jpeg,bumper_dent,data/image/1162.jpeg
861,image/861.jpeg,door_scratch,data/image/861.jpeg
1229,image/1229.jpeg,bumper_scratch,data/image/1229.jpeg
1245,image/1245.jpeg,door_dent,data/image/1245.jpeg
1372,image/1372.jpeg,glass_shatter,data/image/1372.jpeg
477,image/477.jpeg,head_lamp,data/image/477.jpeg
454,image/454.jpeg,glass_shatter,data/image/454.jpeg
581,image/581.jpeg,bumper_dent,data/image/581.jpeg
1329,image/1329.jpeg,door_scratch,data/image/1329.jpeg
810,image/810.jpeg,glass_shatter,data/image/810.jpeg
321,image/321.jpeg,head_lamp,data/image/321.jpeg
1209,image/1209.jpeg,bumper_dent,data/image/1209.jpeg
218,image/218.jpeg,door_scratch,data/image/218.jpeg
68,image/68.jpeg,glass_shatter,data/image/68.jpeg
1424,image/1424.jpeg,bumper_dent,data/image/1424.jpeg
1381,image/1381.jpeg,door_dent,data/image/1381.jpeg
195,image/195.jpeg,glass_shatter,data/image/195.jpeg
239,image/239.jpeg,door_dent,data/image/239.jpeg
509,image/509.jpeg,door_scratch,data/image/509.jpeg
1022,image/1022.jpeg,head_lamp,data/image/1022.jpeg
497,image/497.jpeg,bumper_dent,data/image/497.jpeg
816,image/816.jpeg,bumper_scratch,data/image/816.jpeg
828,image/828.jpeg,door_dent,data/image/828.jpeg
201,image/201.jpeg,door_dent,data/image/201.jpeg
117,image/117.jpeg,head_lamp,data/image/117.jpeg
302,image/302.jpeg,door_dent,data/image/302.jpeg
276,image/276.jpeg,door_scratch,data/image/276.jpeg
1332,image/1332.jpeg,bumper_dent,data/image/1332.jpeg
667,image/667.jpeg,bumper_dent,data/image/667.jpeg
1155,image/1155.jpeg,door_dent,data/image/1155.jpeg
18,image/18.jpeg,glass_shatter,data/image/18.jpeg
1120,image/1120.jpeg,bumper_dent,data/image/1120.jpeg
306,image/306.jpeg,bumper_scratch,data/image/306.jpeg
601,image/601.jpeg,door_dent,data/image/601.jpeg
561,image/561.jpeg,bumper_dent,data/image/561.jpeg
534,image/534.jpeg,door_dent,data/image/534.jpeg
769,image/769.jpeg,glass_shatter,data/image/769.jpeg
475,image/475.jpeg,door_dent,data/image/475.jpeg
1432,image/1432.jpeg,door_scratch,data/image/1432.jpeg
996,image/996.jpeg,bumper_dent,data/image/996.jpeg
725,image/725.jpeg,door_scratch,data/image/725.jpeg
860,image/860.jpeg,door_dent,data/image/860.jpeg
47,image/47.jpeg,glass_shatter,data/image/47.jpeg
1100,image/1100.jpeg,tail_lamp,data/image/1100.jpeg
580,image/580.jpeg,head_lamp,data/image/580.jpeg
1355,image/1355.jpeg,bumper_scratch,data/image/1355.jpeg
656,image/656.jpeg,head_lamp,data/image/656.jpeg
524,image/524.jpeg,glass_shatter,data/image/524.jpeg
1416,image/1416.jpeg,bumper_dent,data/image/1416.jpeg
648,image/648.jpeg,bumper_scratch,data/image/648.jpeg
1177,image/1177.jpeg,head_lamp,data/image/1177.jpeg
129,image/129.jpeg,tail_lamp,data/image/129.jpeg
736,image/736.jpeg,bumper_scratch,data/image/736.jpeg
1,image/1.jpeg,head_lamp,data/image/1.jpeg
770,image/770.jpeg,head_lamp,data/image/770.jpeg
1414,image/1414.jpeg,bumper_dent,data/image/1414.jpeg
902,image/902.jpeg,tail_lamp,data/image/902.jpeg
213,image/213.jpeg,door_dent,data/image/213.jpeg
50,image/50.jpeg,door_dent,data/image/50.jpeg
654,image/654.jpeg,bumper_dent,data/image/654.jpeg
437,image/437.jpeg,door_scratch,data/image/437.jpeg
1419,image/1419.jpeg,door_dent,data/image/1419.jpeg
673,image/673.jpeg,door_scratch,data/image/673.jpeg
480,image/480.jpeg,door_dent,data/image/480.jpeg
1427,image/1427.jpeg,tail_lamp,data/image/1427.jpeg
1502,image/1502.jpeg,tail_lamp,data/image/1502.jpeg
1475,image/1475.jpeg,bumper_dent,data/image/1475.jpeg
512,image/512.jpeg,tail_lamp,data/image/512.jpeg
1316,image/1316.jpeg,head_lamp,data/image/1316.jpeg
78,image/78.jpeg,door_dent,data/image/78.jpeg
678,image/678.jpeg,glass_shatter,data/image/678.jpeg
108,image/108.jpeg,glass_shatter,data/image/108.jpeg
767,image/767.jpeg,bumper_dent,data/image/767.jpeg
173,image/173.jpeg,door_scratch,data/image/173.jpeg
1225,image/1225.jpeg,door_dent,data/image/1225.jpeg
1242,image/1242.jpeg,door_scratch,data/image/1242.jpeg
136,image/136.jpeg,door_dent,data/image/136.jpeg
441,image/441.jpeg,door_scratch,data/image/441.jpeg
920,image/920.jpeg,bumper_scratch,data/image/920.jpeg
98,image/98.jpeg,door_scratch,data/image/98.jpeg
49,image/49.jpeg,bumper_dent,data/image/49.jpeg
435,image/435.jpeg,glass_shatter,data/image/435.jpeg
1220,image/1220.jpeg,door_dent,data/image/1220.jpeg
611,image/611.jpeg,door_scratch,data/image/611.jpeg
469,image/469.jpeg,tail_lamp,data/image/469.jpeg
184,image/184.jpeg,tail_lamp,data/image/184.jpeg
396,image/396.jpeg,door_dent,data/image/396.jpeg
657,image/657.jpeg,door_dent,data/image/657.jpeg
1336,image/1336.jpeg,bumper_scratch,data/image/1336.jpeg
23,image/23.jpeg,tail_lamp,data/image/23.jpeg
622,image/622.jpeg,tail_lamp,data/image/622.jpeg
792,image/792.jpeg,door_dent,data/image/792.jpeg
1380,image/1380.jpeg,tail_lamp,data/image/1380.jpeg
121,image/121.jpeg,tail_lamp,data/image/121.jpeg
305,image/305.jpeg,glass_shatter,data/image/305.jpeg
1389,image/1389.jpeg,bumper_dent,data/image/1389.jpeg
103,image/103.jpeg,bumper_dent,data/image/103.jpeg
1377,image/1377.jpeg,head_lamp,data/image/1377.jpeg
758,image/758.jpeg,bumper_scratch,data/image/758.jpeg
219,image/219.jpeg,door_scratch,data/image/219.jpeg
6,image/6.jpeg,glass_shatter,data/image/6.jpeg
641,image/641.jpeg,door_scratch,data/image/641.jpeg
1511,image/1511.jpeg,glass_shatter,data/image/1511.jpeg
897,image/897.jpeg,door_dent,data/image/897.jpeg
346,image/346.jpeg,bumper_dent,data/image/346.jpeg
1174,image/1174.jpeg,tail_lamp,data/image/1174.jpeg
1276,image/1276.jpeg,door_dent,data/image/1276.jpeg
577,image/577.jpeg,glass_shatter,data/image/577.jpeg
899,image/899.jpeg,tail_lamp,data/image/899.jpeg
1019,image/1019.jpeg,tail_lamp,data/image/1019.jpeg
1436,image/1436.jpeg,door_dent,data/image/1436.jpeg
163,image/163.jpeg,head_lamp,data/image/163.jpeg
22,image/22.jpeg,door_dent,data/image/22.jpeg
786,image/786.jpeg,door_dent,data/image/786.jpeg
1305,image/1305.jpeg,door_scratch,data/image/1305.jpeg
921,image/921.jpeg,glass_shatter,data/image/921.jpeg
1222,image/1222.jpeg,door_scratch,data/image/1222.jpeg
1485,image/1485.jpeg,door_dent,data/image/1485.jpeg
67,image/67.jpeg,glass_shatter,data/image/67.jpeg
329,image/329.jpeg,door_scratch,data/image/329.jpeg
16,image/16.jpeg,head_lamp,data/image/16.jpeg
24,image/24.jpeg,door_dent,data/image/24.jpeg
1070,image/1070.jpeg,glass_shatter,data/image/1070.jpeg
311,image/311.jpeg,door_scratch,data/image/311.jpeg
1055,image/1055.jpeg,bumper_dent,data/image/1055.jpeg
429,image/429.jpeg,door_scratch,data/image/429.jpeg
779,image/779.jpeg,glass_shatter,data/image/779.jpeg
308,image/308.jpeg,bumper_dent,data/image/308.jpeg
829,image/829.jpeg,door_scratch,data/image/829.jpeg
890,image/890.jpeg,door_dent,data/image/890.jpeg
993,image/993.jpeg,head_lamp,data/image/993.jpeg
421,image/421.jpeg,door_dent,data/image/421.jpeg
800,image/800.jpeg,head_lamp,data/image/800.jpeg
147,image/147.jpeg,door_scratch,data/image/147.jpeg
1241,image/1241.jpeg,door_dent,data/image/1241.jpeg
277,image/277.jpeg,door_dent,data/image/277.jpeg
1335,image/1335.jpeg,door_scratch,data/image/1335.jpeg
905,image/905.jpeg,tail_lamp,data/image/905.jpeg
420,image/420.jpeg,door_dent,data/image/420.jpeg
652,image/652.jpeg,glass_shatter,data/image/652.jpeg
696,image/696.jpeg,head_lamp,data/image/696.jpeg
461,image/461.jpeg,door_dent,data/image/461.jpeg
1109,image/1109.jpeg,head_lamp,data/image/1109.jpeg
692,image/692.jpeg,tail_lamp,data/image/692.jpeg
1048,image/1048.jpeg,door_dent,data/image/1048.jpeg
1139,image/1139.jpeg,door_scratch,data/image/1139.jpeg
85,image/85.jpeg,glass_shatter,data/image/85.jpeg
1200,image/1200.jpeg,glass_shatter,data/image/1200.jpeg
232,image/232.jpeg,bumper_scratch,data/image/232.jpeg
214,image/214.jpeg,bumper_dent,data/image/214.jpeg
10,image/10.jpeg,door_scratch,data/image/10.jpeg
1026,image/1026.jpeg,glass_shatter,data/image/1026.jpeg
185,image/185.jpeg,glass_shatter,data/image/185.jpeg
387,image/387.jpeg,tail_lamp,data/image/387.jpeg
299,image/299.jpeg,tail_lamp,data/image/299.jpeg
237,image/237.jpeg,glass_shatter,data/image/237.jpeg
426,image/426.jpeg,door_scratch,data/image/426.jpeg
587,image/587.jpeg,tail_lamp,data/image/587.jpeg
893,image/893.jpeg,tail_lamp,data/image/893.jpeg
9,image/9.jpeg,bumper_dent,data/image/9.jpeg
804,image/804.jpeg,door_dent,data/image/804.jpeg
392,image/392.jpeg,bumper_dent,data/image/392.jpeg
1195,image/1195.jpeg,tail_lamp,data/image/1195.jpeg
1214,image/1214.jpeg,glass_shatter,data/image/1214.jpeg
737,image/737.jpeg,door_dent,data/image/737.jpeg
175,image/175.jpeg,bumper_scratch,data/image/175.jpeg
932,image/932.jpeg,door_scratch,data/image/932.jpeg
1331,image/1331.jpeg,glass_shatter,data/image/1331.jpeg
1013,image/1013.jpeg,door_dent,data/image/1013.jpeg
1317,image/1317.jpeg,tail_lamp,data/image/1317.jpeg
169,image/169.jpeg,door_scratch,data/image/169.jpeg
406,image/406.jpeg,glass_shatter,data/image/406.jpeg
427,image/427.jpeg,glass_shatter,data/image/427.jpeg
332,image/332.jpeg,door_dent,data/image/332.jpeg
220,image/220.jpeg,glass_shatter,data/image/220.jpeg
363,image/363.jpeg,glass_shatter,data/image/363.jpeg
235,image/235.jpeg,door_scratch,data/image/235.jpeg
718,image/718.jpeg,tail_lamp,data/image/718.jpeg
204,image/204.jpeg,door_dent,data/image/204.jpeg
1465,image/1465.jpeg,head_lamp,data/image/1465.jpeg
686,image/686.jpeg,head_lamp,data/image/686.jpeg
1045,image/1045.jpeg,glass_shatter,data/image/1045.jpeg
825,image/825.jpeg,glass_shatter,data/image/825.jpeg
409,image/409.jpeg,door_scratch,data/image/409.jpeg
836,image/836.jpeg,tail_lamp,data/image/836.jpeg
256,image/256.jpeg,glass_shatter,data/image/256.jpeg
111,image/111.jpeg,bumper_dent,data/image/111.jpeg
359,image/359.jpeg,bumper_dent,data/image/359.jpeg
662,image/662.jpeg,door_scratch,data/image/662.jpeg
296,image/296.jpeg,bumper_scratch,data/image/296.jpeg
781,image/781.jpeg,bumper_scratch,data/image/781.jpeg
140,image/140.jpeg,bumper_scratch,data/image/140.jpeg
21,image/21.jpeg,head_lamp,data/image/21.jpeg
1385,image/1385.jpeg,door_scratch,data/image/1385.jpeg
1032,image/1032.jpeg,glass_shatter,data/image/1032.jpeg
1418,image/1418.jpeg,door_dent,data/image/1418.jpeg
260,image/260.jpeg,bumper_scratch,data/image/260.jpeg
675,image/675.jpeg,door_dent,data/image/675.jpeg
1451,image/1451.jpeg,glass_shatter,data/image/1451.jpeg
1137,image/1137.jpeg,door_scratch,data/image/1137.jpeg
188,image/188.jpeg,door_scratch,data/image/188.jpeg
304,image/304.jpeg,door_scratch,data/image/304.jpeg
247,image/247.jpeg,tail_lamp,data/image/247.jpeg
958,image/958.jpeg,bumper_scratch,data/image/958.jpeg
1267,image/1267.jpeg,head_lamp,data/image/1267.jpeg
540,image/540.jpeg,bumper_dent,data/image/540.jpeg
1314,image/1314.jpeg,bumper_dent,data/image/1314.jpeg
347,image/347.jpeg,door_scratch,data/image/347.jpeg
559,image/559.jpeg,door_scratch,data/image/559.jpeg
202,image/202.jpeg,tail_lamp,data/image/202.jpeg
283,image/283.jpeg,head_lamp,data/image/283.jpeg
327,image/327.jpeg,bumper_scratch,data/image/327.jpeg
289,image/289.jpeg,door_scratch,data/image/289.jpeg
389,image/389.jpeg,bumper_dent,data/image/389.jpeg
1447,image/1447.jpeg,head_lamp,data/image/1447.jpeg
790,image/790.jpeg,tail_lamp,data/image/790.jpeg
1072,image/1072.jpeg,head_lamp,data/image/1072.jpeg
408,image/408.jpeg,tail_lamp,data/image/408.jpeg
39,image/39.jpeg,door_dent,data/image/39.jpeg
1394,image/1394.jpeg,door_dent,data/image/1394.jpeg
462,image/462.jpeg,door_dent,data/image/462.jpeg
885,image/885.jpeg,tail_lamp,data/image/885.jpeg
906,image/906.jpeg,head_lamp,data/image/906.jpeg
206,image/206.jpeg,head_lamp,data/image/206.jpeg
788,image/788.jpeg,door_dent,data/image/788.jpeg
898,image/898.jpeg,door_dent,data/image/898.jpeg
716,image/716.jpeg,tail_lamp,data/image/716.jpeg
1442,image/1442.jpeg,glass_shatter,data/image/1442.jpeg
292,image/292.jpeg,bumper_scratch,data/image/292.jpeg
774,image/774.jpeg,tail_lamp,data/image/774.jpeg
876,image/876.jpeg,tail_lamp,data/image/876.jpeg
58,image/58.jpeg,door_dent,data/image/58.jpeg
196,image/196.jpeg,glass_shatter,data/image/196.jpeg
925,image/925.jpeg,door_dent,data/image/925.jpeg
377,image/377.jpeg,glass_shatter,data/image/377.jpeg
463,image/463.jpeg,door_scratch,data/image/463.jpeg
413,image/413.jpeg,bumper_dent,data/image/413.jpeg
1258,image/1258.jpeg,head_lamp,data/image/1258.jpeg
1391,image/1391.jpeg,glass_shatter,data/image/1391.jpeg
445,image/445.jpeg,head_lamp,data/image/445.jpeg
1043,image/1043.jpeg,door_dent,data/image/1043.jpeg
290,image/290.jpeg,glass_shatter,data/image/290.jpeg
422,image/422.jpeg,tail_lamp,data/image/422.jpeg
446,image/446.jpeg,door_dent,data/image/446.jpeg
248,image/248.jpeg,bumper_dent,data/image/248.jpeg
1497,image/1497.jpeg,bumper_scratch,data/image/1497.jpeg
1290,image/1290.jpeg,head_lamp,data/image/1290.jpeg
1425,image/1425.jpeg,tail_lamp,data/image/1425.jpeg
1248,image/1248.jpeg,bumper_scratch,data/image/1248.jpeg
508,image/508.jpeg,bumper_scratch,data/image/508.jpeg
694,image/694.jpeg,tail_lamp,data/image/694.jpeg
1271,image/1271.jpeg,bumper_dent,data/image/1271.jpeg
66,image/66.jpeg,glass_shatter,data/image/66.jpeg
777,image/777.jpeg,head_lamp,data/image/777.jpeg
708,image/708.jpeg,door_scratch,data/image/708.jpeg
1262,image/1262.jpeg,tail_lamp,data/image/1262.jpeg
712,image/712.jpeg,glass_shatter,data/image/712.jpeg
991,image/991.jpeg,bumper_dent,data/image/991.jpeg
1301,image/1301.jpeg,bumper_dent,data/image/1301.jpeg
785,image/785.jpeg,bumper_scratch,data/image/785.jpeg
1333,image/1333.jpeg,tail_lamp,data/image/1333.jpeg
1018,image/1018.jpeg,tail_lamp,data/image/1018.jpeg
83,image/83.jpeg,bumper_dent,data/image/83.jpeg
945,image/945.jpeg,door_scratch,data/image/945.jpeg
533,image/533.jpeg,bumper_dent,data/image/533.jpeg
70,image/70.jpeg,door_dent,data/image/70.jpeg
1499,image/1499.jpeg,door_scratch,data/image/1499.jpeg
720,image/720.jpeg,door_dent,data/image/720.jpeg
467,image/467.jpeg,door_dent,data/image/467.jpeg
873,image/873.jpeg,door_scratch,data/image/873.jpeg
901,image/901.jpeg,head_lamp,data/image/901.jpeg
65,image/65.jpeg,tail_lamp,data/image/65.jpeg
775,image/775.jpeg,door_scratch,data/image/775.jpeg
699,image/699.jpeg,head_lamp,data/image/699.jpeg
1468,image/1468.jpeg,head_lamp,data/image/1468.jpeg
807,image/807.jpeg,tail_lamp,data/image/807.jpeg
499,image/499.jpeg,bumper_scratch,data/image/499.jpeg
286,image/286.jpeg,glass_shatter,data/image/286.jpeg
197,image/197.jpeg,door_scratch,data/image/197.jpeg
29,image/29.jpeg,door_scratch,data/image/29.jpeg
1005,image/1005.jpeg,door_dent,data/image/1005.jpeg
1506,image/1506.jpeg,door_scratch,data/image/1506.jpeg
1476,image/1476.jpeg,tail_lamp,data/image/1476.jpeg
959,image/959.jpeg,bumper_scratch,data/image/959.jpeg
614,image/614.jpeg,tail_lamp,data/image/614.jpeg
1101,image/1101.jpeg,glass_shatter,data/image/1101.jpeg
30,image/30.jpeg,tail_lamp,data/image/30.jpeg
740,image/740.jpeg,door_scratch,data/image/740.jpeg
171,image/171.jpeg,tail_lamp,data/image/171.jpeg
1001,image/1001.jpeg,door_scratch,data/image/1001.jpeg
854,image/854.jpeg,door_scratch,data/image/854.jpeg
516,image/516.jpeg,tail_lamp,data/image/516.jpeg
812,image/812.jpeg,door_dent,data/image/812.jpeg
209,image/209.jpeg,bumper_dent,data/image/209.jpeg
849,image/849.jpeg,door_dent,data/image/849.jpeg
261,image/261.jpeg,door_dent,data/image/261.jpeg
802,image/802.jpeg,bumper_dent,data/image/802.jpeg
458,image/458.jpeg,door_dent,data/image/458.jpeg
279,image/279.jpeg,head_lamp,data/image/279.jpeg
172,image/172.jpeg,bumper_scratch,data/image/172.jpeg
493,image/493.jpeg,head_lamp,data/image/493.jpeg
135,image/135.jpeg,door_scratch,data/image/135.jpeg
960,image/960.jpeg,bumper_scratch,data/image/960.jpeg
324,image/324.jpeg,bumper_dent,data/image/324.jpeg
1144,image/1144.jpeg,head_lamp,data/image/1144.jpeg
1185,image/1185.jpeg,bumper_scratch,data/image/1185.jpeg
1399,image/1399.jpeg,bumper_scratch,data/image/1399.jpeg
711,image/711.jpeg,head_lamp,data/image/711.jpeg
145,image/145.jpeg,door_dent,data/image/145.jpeg
319,image/319.jpeg,tail_lamp,data/image/319.jpeg
835,image/835.jpeg,glass_shatter,data/image/835.jpeg
1379,image/1379.jpeg,door_scratch,data/image/1379.jpeg
179,image/179.jpeg,tail_lamp,data/image/179.jpeg
1460,image/1460.jpeg,door_scratch,data/image/1460.jpeg
594,image/594.jpeg,door_dent,data/image/594.jpeg
1338,image/1338.jpeg,glass_shatter,data/image/1338.jpeg
986,image/986.jpeg,bumper_dent,data/image/986.jpeg
832,image/832.jpeg,glass_shatter,data/image/832.jpeg
468,image/468.jpeg,door_dent,data/image/468.jpeg
639,image/639.jpeg,glass_shatter,data/image/639.jpeg
983,image/983.jpeg,tail_lamp,data/image/983.jpeg
984,image/984.jpeg,head_lamp,data/image/984.jpeg
760,image/760.jpeg,tail_lamp,data/image/760.jpeg
1431,image/1431.jpeg,bumper_scratch,data/image/1431.jpeg
997,image/997.jpeg,tail_lamp,data/image/997.jpeg
680,image/680.jpeg,bumper_dent,data/image/680.jpeg
444,image/444.jpeg,bumper_dent,data/image/444.jpeg
482,image/482.jpeg,glass_shatter,data/image/482.jpeg
1069,image/1069.jpeg,door_scratch,data/image/1069.jpeg
